{
    "random_forest": {
        "accuracy": 0.639,
        "precision": 0.6371134020618556,
        "recall": 0.6255060728744939,
        "f1_score": 0.6312563840653728,
        "roc_auc": 0.6948720615768671,
        "confusion_matrix": [
            [
                330,
                176
            ],
            [
                185,
                309
            ]
        ]
    },
    "xgboost": {
        "accuracy": 0.638,
        "precision": 0.6380753138075314,
        "recall": 0.6174089068825911,
        "f1_score": 0.6275720164609053,
        "roc_auc": 0.6874629946712327,
        "confusion_matrix": [
            [
                333,
                173
            ],
            [
                189,
                305
            ]
        ]
    },
    "gradient_boosting": {
        "accuracy": 0.634,
        "precision": 0.635593220338983,
        "recall": 0.6072874493927125,
        "f1_score": 0.6211180124223602,
        "roc_auc": 0.6799259093309438,
        "confusion_matrix": [
            [
                334,
                172
            ],
            [
                194,
                300
            ]
        ]
    }
}