{
    "random_forest": {
        "accuracy": 0.639,
        "precision": 0.6371134020618556,
        "recall": 0.6255060728744939,
        "f1_score": 0.6312563840653729,
        "roc_auc": 0.6948720615768671,
        "confusion_matrix": [
            [
                330,
                176
            ],
            [
                185,
                309
            ]
        ]
    },
    "xgboost": {
        "accuracy": 0.623,
        "precision": 0.6201232032854209,
        "recall": 0.611336032388664,
        "f1_score": 0.6156982670744139,
        "roc_auc": 0.6801819462002529,
        "confusion_matrix": [
            [
                321,
                185
            ],
            [
                192,
                302
            ]
        ]
    },
    "gradient_boosting": {
        "accuracy": 0.627,
        "precision": 0.6263048016701461,
        "recall": 0.6072874493927125,
        "f1_score": 0.6166495375128469,
        "roc_auc": 0.6772135187466995,
        "confusion_matrix": [
            [
                327,
                179
            ],
            [
                194,
                300
            ]
        ]
    }
}